{"stats":{"minecraft:picked_up":{"minecraft:oak_log":5},"minecraft:mined":{"minecraft:grass":1,"minecraft:oak_log":5,"minecraft:oak_leaves":1},"minecraft:custom":{"minecraft:time_since_rest":57811,"minecraft:open_chest":1,"minecraft:crouch_one_cm":196,"minecraft:sprint_one_cm":5405,"minecraft:play_time":62059,"minecraft:deaths":1,"minecraft:walk_one_cm":5550,"minecraft:sneak_time":528,"minecraft:walk_under_water_one_cm":119,"minecraft:jump":92,"minecraft:leave_game":4,"minecraft:time_since_death":57807,"minecraft:walk_on_water_one_cm":158,"minecraft:total_world_time":62059,"minecraft:swim_one_cm":851,"minecraft:fall_one_cm":3398,"minecraft:fly_one_cm":161781},"minecraft:used":{"minecraft:oak_log":5,"handcrafted:spruce_couch":1,"securitycraft:keypad_chest":2,"minecraft:spruce_trapdoor":1}},"DataVersion":3337}