{"stats":{"minecraft:custom":{"minecraft:jump":69,"minecraft:open_chest":1,"minecraft:time_since_rest":50033,"minecraft:leave_game":2,"minecraft:play_time":54281,"minecraft:sprint_one_cm":3642,"minecraft:time_since_death":50029,"minecraft:walk_one_cm":4671,"minecraft:deaths":1,"minecraft:sneak_time":209,"minecraft:total_world_time":54281,"minecraft:fall_one_cm":2293,"minecraft:fly_one_cm":115583},"minecraft:used":{"minecraft:spruce_trapdoor":1,"securitycraft:keypad_chest":2}},"DataVersion":3337}