{"stats":{"minecraft:killed_by":{"minecraft:zombie":3},"minecraft:dropped":{"minecraft:shield":1,"minecraft:command_block":1},"minecraft:picked_up":{"minecraft:command_block":1,"minecraft:shield":1},"minecraft:custom":{"minecraft:time_since_rest":41437,"minecraft:open_chest":7,"minecraft:crouch_one_cm":84,"minecraft:sprint_one_cm":1288,"minecraft:play_time":44837,"minecraft:deaths":3,"minecraft:damage_taken":775,"minecraft:walk_one_cm":14902,"minecraft:sneak_time":673,"minecraft:walk_under_water_one_cm":2638,"minecraft:interact_with_anvil":2,"minecraft:drop":2,"minecraft:jump":71,"minecraft:leave_game":3,"minecraft:walk_on_water_one_cm":359,"minecraft:time_since_death":41401,"minecraft:total_world_time":44837,"minecraft:fly_one_cm":67390},"minecraft:used":{"minecraft:bedrock":2,"minecraft:cobblestone":8,"minecraft:anvil":2,"minecraft:command_block":6,"minecraft:grass_block":28,"securitycraft:keypad_chest":2,"minecraft:chest":2,"minecraft:stone":1}},"DataVersion":3337}