{"stats":{"minecraft:picked_up":{"minecraft:shield":1},"minecraft:killed_by":{"minecraft:zombie":3},"minecraft:custom":{"minecraft:time_since_rest":25781,"minecraft:open_chest":4,"minecraft:crouch_one_cm":33,"minecraft:sprint_one_cm":59,"minecraft:play_time":29181,"minecraft:deaths":3,"minecraft:damage_taken":775,"minecraft:walk_one_cm":12295,"minecraft:sneak_time":476,"minecraft:interact_with_anvil":1,"minecraft:walk_under_water_one_cm":130,"minecraft:drop":1,"minecraft:jump":28,"minecraft:leave_game":1,"minecraft:walk_on_water_one_cm":223,"minecraft:time_since_death":25745,"minecraft:total_world_time":29181,"minecraft:fly_one_cm":54226},"minecraft:dropped":{"minecraft:shield":1},"minecraft:used":{"minecraft:bedrock":2,"minecraft:anvil":1,"minecraft:cobblestone":8,"minecraft:command_block":6,"minecraft:grass_block":28,"securitycraft:keypad_chest":1,"minecraft:chest":1,"minecraft:stone":1}},"DataVersion":3337}