{"stats":{"minecraft:picked_up":{"minecraft:shield":1},"minecraft:killed_by":{"minecraft:zombie":3},"minecraft:custom":{"minecraft:time_since_rest":34620,"minecraft:open_chest":7,"minecraft:crouch_one_cm":84,"minecraft:sprint_one_cm":59,"minecraft:play_time":38020,"minecraft:deaths":3,"minecraft:damage_taken":775,"minecraft:walk_one_cm":12790,"minecraft:sneak_time":658,"minecraft:interact_with_anvil":2,"minecraft:walk_under_water_one_cm":2638,"minecraft:drop":1,"minecraft:jump":39,"minecraft:leave_game":2,"minecraft:walk_on_water_one_cm":359,"minecraft:time_since_death":34584,"minecraft:total_world_time":38020,"minecraft:fly_one_cm":63594},"minecraft:dropped":{"minecraft:shield":1},"minecraft:used":{"minecraft:bedrock":2,"minecraft:anvil":2,"minecraft:cobblestone":8,"minecraft:command_block":6,"minecraft:grass_block":28,"securitycraft:keypad_chest":2,"minecraft:chest":2,"minecraft:stone":1}},"DataVersion":3337}