{"stats":{"minecraft:killed_by":{"minecraft:zombie":3},"minecraft:custom":{"minecraft:jump":22,"minecraft:time_since_rest":12387,"minecraft:sprint_one_cm":59,"minecraft:walk_on_water_one_cm":223,"minecraft:crouch_one_cm":33,"minecraft:deaths":3,"minecraft:leave_game":1,"minecraft:play_time":15787,"minecraft:damage_taken":775,"minecraft:time_since_death":12351,"minecraft:walk_one_cm":10727,"minecraft:sneak_time":373,"minecraft:total_world_time":15787,"minecraft:walk_under_water_one_cm":130,"minecraft:fly_one_cm":52508},"minecraft:used":{"minecraft:stone":1,"minecraft:cobblestone":8,"minecraft:grass_block":3}},"DataVersion":3337}