{"stats":{"minecraft:used":{"friendsandfoes:iceologer_spawn_egg":1,"advancednetherite:netherite_diamond_sword":17,"friendsandfoes:illusioner_spawn_egg":1,"friendsandfoes:mauler_spawn_egg":1,"friendsandfoes:crab_spawn_egg":1,"friendsandfoes:glare_spawn_egg":1,"friendsandfoes:copper_golem_spawn_egg":1,"minecraft:cobblestone":314,"friendsandfoes:rascal_spawn_egg":1,"friendsandfoes:moobloom_spawn_egg":1},"minecraft:custom":{"minecraft:time_since_rest":30912,"minecraft:sprint_one_cm":7744,"minecraft:damage_taken":560,"minecraft:walk_one_cm":16785,"minecraft:mob_kills":9,"minecraft:drop":4,"minecraft:damage_dealt":1746,"minecraft:fly_one_cm":295412,"minecraft:play_time":45453,"minecraft:deaths":1,"minecraft:sneak_time":64,"minecraft:jump":145,"minecraft:leave_game":3,"minecraft:time_since_death":30878,"minecraft:total_world_time":45453,"minecraft:fall_one_cm":7691},"minecraft:dropped":{"minecraft:oak_sapling":1,"minecraft:rotten_flesh":2,"minecraft:white_wool":1},"minecraft:killed":{"minecraft:sheep":1,"friendsandfoes:glare":1,"friendsandfoes:copper_golem":1,"friendsandfoes:crab":1,"minecraft:zombie":1,"friendsandfoes:mauler":1,"friendsandfoes:moobloom":1,"minecraft:illusioner":1,"friendsandfoes:iceologer":1},"minecraft:picked_up":{"minecraft:copper_ingot":1,"minecraft:leather":2,"friendsandfoes:totem_of_illusion":2,"minecraft:arrow":1,"friendsandfoes:crab_claw":1,"minecraft:rotten_flesh":2,"minecraft:bow":1,"minecraft:beef":2,"minecraft:blue_ice":1,"minecraft:emerald":2,"minecraft:oak_sapling":1,"minecraft:mutton":2,"minecraft:white_wool":1,"friendsandfoes:totem_of_freezing":2}},"DataVersion":3337}