{"stats":{"minecraft:picked_up":{"minecraft:chain_command_block":1,"minecraft:redstone_block":1,"minecraft:copper_ingot":1,"minecraft:leather":2,"minecraft:torch":4,"friendsandfoes:totem_of_illusion":2,"minecraft:bedrock":1,"minecraft:grass_block":1,"minecraft:dirt":1,"friendsandfoes:crab_claw":1,"minecraft:repeating_command_block":1,"minecraft:arrow":1,"minecraft:rotten_flesh":4,"minecraft:bow":1,"minecraft:beef":2,"minecraft:blue_ice":1,"minecraft:emerald":2,"minecraft:oak_sapling":1,"minecraft:mutton":2,"minecraft:white_wool":1,"minecraft:cobblestone":1,"friendsandfoes:totem_of_freezing":2},"minecraft:dropped":{"minecraft:oak_sapling":1,"minecraft:rotten_flesh":2,"minecraft:white_wool":1},"minecraft:custom":{"minecraft:time_since_rest":18241,"minecraft:sprint_one_cm":11478,"minecraft:damage_taken":1005,"minecraft:walk_one_cm":55922,"minecraft:mob_kills":10,"minecraft:drop":4,"minecraft:damage_dealt":1913,"minecraft:fly_one_cm":592635,"minecraft:crouch_one_cm":576,"minecraft:play_time":105971,"minecraft:deaths":7,"minecraft:sneak_time":486,"minecraft:jump":280,"minecraft:leave_game":8,"minecraft:time_since_death":18236,"minecraft:total_world_time":105971,"minecraft:fall_one_cm":13656},"minecraft:killed":{"minecraft:sheep":1,"friendsandfoes:glare":1,"friendsandfoes:copper_golem":1,"friendsandfoes:crab":1,"minecraft:zombie":2,"friendsandfoes:mauler":1,"friendsandfoes:moobloom":1,"minecraft:illusioner":1,"friendsandfoes:iceologer":1},"minecraft:used":{"friendsandfoes:illusioner_spawn_egg":1,"advancednetherite:netherite_diamond_sword":17,"friendsandfoes:iceologer_spawn_egg":1,"friendsandfoes:mauler_spawn_egg":1,"minecraft:grass_block":19,"friendsandfoes:crab_spawn_egg":1,"friendsandfoes:glare_spawn_egg":1,"minecraft:stone":30,"minecraft:redstone_block":6,"minecraft:totem_of_undying":1,"minecraft:bedrock":266,"minecraft:torch":11,"friendsandfoes:copper_golem_spawn_egg":1,"minecraft:dirt":4,"minecraft:cobblestone":581,"minecraft:chain_command_block":13,"friendsandfoes:rascal_spawn_egg":1,"minecraft:repeating_command_block":4,"friendsandfoes:moobloom_spawn_egg":1}},"DataVersion":3337}